{
  "project_info": {
    "project_number": "695114148523",
    "firebase_url": "https://fir-def0a.firebaseio.com",
    "project_id": "fir-def0a",
    "storage_bucket": "fir-def0a.appspot.com"
  },
  "client": [
    {
      "client_info": {
        "mobilesdk_app_id": "1:695114148523:android:5c7d37e8581ee3cac965ee",
        "android_client_info": {
          "package_name": "com.example.firebase"
        }
      },
      "oauth_client": [
        {
          "client_id": "695114148523-gj5qssra25gc80md8dbep1rbbpvpjhmp.apps.googleusercontent.com",
          "client_type": 3
        }
      ],
      "api_key": [
        {
          "current_key": "AIzaSyB7ewJce5CiM6IukD2PKOBqIVgM8SzPzyY"
        }
      ],
      "services": {
        "appinvite_service": {
          "other_platform_oauth_client": [
            {
              "client_id": "695114148523-gj5qssra25gc80md8dbep1rbbpvpjhmp.apps.googleusercontent.com",
              "client_type": 3
            }
          ]
        }
      }
    }
  ],
  "configuration_version": "1"
}