{
  "project_info": {
    "project_number": "431617111666",
    "firebase_url": "https://firedb-d0a88.firebaseio.com",
    "project_id": "firedb-d0a88",
    "storage_bucket": "firedb-d0a88.appspot.com"
  },
  "client": [
    {
      "client_info": {
        "mobilesdk_app_id": "1:431617111666:android:e1233d0959b7fd0c4234eb",
        "android_client_info": {
          "package_name": "com.example.firedb"
        }
      },
      "oauth_client": [
        {
          "client_id": "431617111666-kh9bm2u9hrh9emj9rqcdemrvv6fav5b4.apps.googleusercontent.com",
          "client_type": 3
        }
      ],
      "api_key": [
        {
          "current_key": "AIzaSyAV6KWQRVzPb9OljSJq3LhFCnVd9UZTP1A"
        }
      ],
      "services": {
        "appinvite_service": {
          "other_platform_oauth_client": [
            {
              "client_id": "431617111666-kh9bm2u9hrh9emj9rqcdemrvv6fav5b4.apps.googleusercontent.com",
              "client_type": 3
            }
          ]
        }
      }
    }
  ],
  "configuration_version": "1"
}